Feature,Importance
PrevWinPct,0.36133520359404414
WeightedScore,0.2839071623484563
CoachExperience,0.14759561139838095
NumPlayers,0.13402772511868769
CoachChanged,0.07313429754043087
